Method,Accuracy,Average Inference Time per Image (s)
Original Model,0.8942307829856873,0.10637006392845741
Prototypical Network,0.85375,0.27842474162578584
