Method,Accuracy,Training Time (s),Confusion Matrix,Classification Report
Original Model,0.8894230723381042,1896.089072227478,"[[ 61 173]
 [108 282]]","              precision    recall  f1-score   support

      NORMAL       0.36      0.26      0.30       234
   PNEUMONIA       0.62      0.72      0.67       390

    accuracy                           0.55       624
   macro avg       0.49      0.49      0.49       624
weighted avg       0.52      0.55      0.53       624
"
MAML,0.505,67.7479157447815,,
Matching Networks,0.655,70.79149127006531,,
Prototypical Networks,0.885,67.75871014595032,,
Relation Networks,0.59,68.0609540939331,,
